{"cameraMode":{"drawMode":0,"name":"Shaded","section":"Shading Mode"},"sceneLighting":false,"audioPlay":false,"sceneViewState":{"showFog":true,"showMaterialUpdate":false,"showSkybox":false,"showFlares":true,"showImageEffects":true,"showParticleSystems":true},"in2DMode":false,"pivot":{"x":-5.401535987854004,"y":2.5972347259521486,"z":1.853963851928711},"rotation":{"x":-0.2958092987537384,"y":-0.006593657191842794,"z":0.0020418954081833364,"w":-0.9552226662635803},"size":22.0,"orthographic":false}