{"cameraMode":{"drawMode":0,"name":"Shaded","section":"Shading Mode"},"sceneLighting":true,"audioPlay":false,"sceneViewState":{"showFog":true,"showMaterialUpdate":false,"showSkybox":true,"showFlares":true,"showImageEffects":true,"showParticleSystems":true},"in2DMode":false,"pivot":{"x":30.45203399658203,"y":20.186325073242189,"z":48.13081359863281},"rotation":{"x":0.3920273780822754,"y":-0.3190692663192749,"z":0.14716772735118867,"w":0.8502242565155029},"size":87.85008239746094,"orthographic":false}