{"cameraMode":{"drawMode":0,"name":"Shaded","section":"Shading Mode"},"sceneLighting":true,"audioPlay":false,"sceneViewState":{"showFog":true,"showMaterialUpdate":false,"showSkybox":true,"showFlares":true,"showImageEffects":true,"showParticleSystems":true},"in2DMode":false,"pivot":{"x":-92.4418716430664,"y":44.72190856933594,"z":79.0501937866211},"rotation":{"x":-0.2958092987537384,"y":-0.006593657191842794,"z":0.0020418954081833364,"w":-0.9552226662635803},"size":108.6028060913086,"orthographic":false}