{"cameraMode":{"drawMode":0,"name":"Shaded","section":"Shading Mode"},"sceneLighting":true,"audioPlay":false,"sceneViewState":{"showFog":true,"showMaterialUpdate":false,"showSkybox":true,"showFlares":true,"showImageEffects":true,"showParticleSystems":true},"in2DMode":false,"pivot":{"x":9.390522003173829,"y":-51.32135772705078,"z":43.24541091918945},"rotation":{"x":-0.4623982906341553,"y":0.110393226146698,"z":-0.058148469775915149,"w":-0.8778499960899353},"size":149.75921630859376,"orthographic":false}